-- MySQL dump 10.13  Distrib 8.0.29, for Linux (x86_64)
--
-- Host: seek-customer-db.cveba83cjpfo.ap-northeast-2.rds.amazonaws.com    Database: seek_qr_db
-- ------------------------------------------------------
-- Server version	8.0.23

/*!40101 SET @OLD_CHARACTER_SET_CLIENT=@@CHARACTER_SET_CLIENT */;
/*!40101 SET @OLD_CHARACTER_SET_RESULTS=@@CHARACTER_SET_RESULTS */;
/*!40101 SET @OLD_COLLATION_CONNECTION=@@COLLATION_CONNECTION */;
/*!50503 SET NAMES utf8mb4 */;
/*!40103 SET @OLD_TIME_ZONE=@@TIME_ZONE */;
/*!40103 SET TIME_ZONE='+00:00' */;
/*!40014 SET @OLD_UNIQUE_CHECKS=@@UNIQUE_CHECKS, UNIQUE_CHECKS=0 */;
/*!40014 SET @OLD_FOREIGN_KEY_CHECKS=@@FOREIGN_KEY_CHECKS, FOREIGN_KEY_CHECKS=0 */;
/*!40101 SET @OLD_SQL_MODE=@@SQL_MODE, SQL_MODE='NO_AUTO_VALUE_ON_ZERO' */;
/*!40111 SET @OLD_SQL_NOTES=@@SQL_NOTES, SQL_NOTES=0 */;
SET @MYSQLDUMP_TEMP_LOG_BIN = @@SESSION.SQL_LOG_BIN;
-- SET @@SESSION.SQL_LOG_BIN= 0;

--
-- GTID state at the beginning of the backup 
--

-- SET @@GLOBAL.GTID_PURGED=/*!80000 '+'*/ '';

--
-- Table structure for table `archive`
--

DROP TABLE IF EXISTS `archive`;
/*!40101 SET @saved_cs_client     = @@character_set_client */;
/*!50503 SET character_set_client = utf8mb4 */;
CREATE TABLE `archive` (
  `user_id` int unsigned NOT NULL,
  `artwork_id` int unsigned NOT NULL,
  `access_date` datetime NOT NULL,
  `remote_addr` varchar(15) COLLATE utf8mb4_unicode_ci NOT NULL DEFAULT '127.0.0.1',
  PRIMARY KEY (`user_id`,`artwork_id`),
  KEY `artwork_id` (`artwork_id`),
  CONSTRAINT `archive_ibfk_1` FOREIGN KEY (`user_id`) REFERENCES `user` (`id`) ON DELETE CASCADE ON UPDATE CASCADE,
  CONSTRAINT `archive_ibfk_2` FOREIGN KEY (`artwork_id`) REFERENCES `artwork` (`id`) ON DELETE CASCADE ON UPDATE CASCADE
) ENGINE=InnoDB DEFAULT CHARSET=utf8mb4 COLLATE=utf8mb4_unicode_ci;
/*!40101 SET character_set_client = @saved_cs_client */;

--
-- Dumping data for table `archive`
--

LOCK TABLES `archive` WRITE;
/*!40000 ALTER TABLE `archive` DISABLE KEYS */;
INSERT INTO `archive` VALUES (2,1,'2022-07-21 07:01:36','127.0.0.1'),(2,2,'2022-07-25 13:13:33','59.9.118.79'),(2,3,'2022-07-13 06:15:18','119.196.24.96'),(2,4,'2022-07-13 06:15:15','119.196.24.96'),(2,5,'2022-07-13 10:27:07','118.235.7.198'),(2,6,'2022-07-13 06:15:08','119.196.24.96'),(2,7,'2022-07-13 06:15:04','119.196.24.96'),(2,8,'2022-07-15 11:09:08','118.235.15.209'),(2,9,'2022-07-13 06:14:57','119.196.24.96'),(2,10,'2022-07-13 06:14:54','119.196.24.96'),(2,11,'2022-07-18 15:07:42','59.9.118.79'),(2,12,'2022-07-16 03:14:09','59.9.118.79'),(3,1,'2022-07-18 08:00:53','119.196.24.96'),(3,2,'2022-07-22 12:10:03','116.34.106.137'),(3,3,'2022-07-17 06:11:19','127.0.0.1'),(3,4,'2022-07-18 15:15:41','116.34.106.137'),(3,5,'2022-07-18 15:15:44','116.34.106.137'),(3,6,'2022-07-18 15:15:47','116.34.106.137'),(3,7,'2022-07-18 04:44:07','127.0.0.1'),(3,8,'2022-07-18 15:15:53','116.34.106.137'),(3,9,'2022-07-20 07:52:55','127.0.0.1'),(3,10,'2022-07-18 15:15:59','116.34.106.137'),(3,11,'2022-07-18 15:16:02','116.34.106.137'),(3,12,'2022-07-18 15:16:05','116.34.106.137'),(4,1,'2022-07-17 08:52:47','118.235.15.70'),(4,2,'2022-07-19 13:04:20','118.235.14.240'),(4,3,'2022-07-19 13:04:40','118.235.14.240'),(4,4,'2022-07-19 13:04:29','118.235.14.240'),(4,5,'2022-07-19 13:38:00','118.235.14.190'),(4,6,'2022-07-23 01:15:20','39.7.24.231'),(4,7,'2022-07-19 13:38:16','118.235.14.190'),(4,8,'2022-07-19 13:38:25','118.235.14.190'),(4,9,'2022-07-19 13:38:31','118.235.14.190'),(4,10,'2022-07-19 13:39:01','211.104.170.25'),(4,11,'2022-07-19 13:38:56','211.104.170.25'),(4,12,'2022-07-19 13:38:48','118.235.14.190'),(5,1,'2022-07-17 11:42:40','223.62.216.75'),(5,2,'2022-07-18 15:22:52','121.135.255.1'),(5,3,'2022-07-18 15:23:00','121.135.255.1'),(5,4,'2022-07-18 15:24:12','121.135.255.1'),(5,5,'2022-07-18 15:24:18','121.135.255.1'),(5,6,'2022-07-18 15:24:00','121.135.255.1'),(5,7,'2022-07-18 15:23:31','121.135.255.1'),(5,8,'2022-07-18 15:23:51','121.135.255.1'),(5,9,'2022-07-18 15:23:44','121.135.255.1'),(5,10,'2022-07-18 15:23:25','121.135.255.1'),(5,11,'2022-07-18 15:23:18','121.135.255.1'),(5,12,'2022-07-18 15:23:07','121.135.255.1'),(6,1,'2022-07-12 07:44:06','218.38.11.151'),(6,4,'2022-07-14 02:08:03','218.38.11.151'),(6,7,'2022-07-14 02:07:23','218.38.11.151'),(6,8,'2022-07-14 02:22:24','218.38.11.151'),(6,11,'2022-07-20 14:54:17','218.38.11.151'),(7,1,'2022-07-16 14:06:32','106.102.128.134'),(10000000,8,'2022-07-19 04:42:43','223.38.45.196'),(10000004,11,'2022-07-20 09:31:10','106.102.142.221'),(10000006,12,'2022-07-21 10:42:29','117.111.2.81'),(10000011,7,'2022-07-25 09:31:44','58.227.216.169'),(10000011,11,'2022-07-25 09:31:57','58.227.216.169');
/*!40000 ALTER TABLE `archive` ENABLE KEYS */;
UNLOCK TABLES;

--
-- Table structure for table `artwork`
--

DROP TABLE IF EXISTS `artwork`;
/*!40101 SET @saved_cs_client     = @@character_set_client */;
/*!50503 SET character_set_client = utf8mb4 */;
CREATE TABLE `artwork` (
  `id` int unsigned NOT NULL AUTO_INCREMENT,
  `name` varchar(255) COLLATE utf8mb4_unicode_ci NOT NULL,
  `artist` varchar(255) COLLATE utf8mb4_unicode_ci NOT NULL,
  `sns` longtext COLLATE utf8mb4_unicode_ci,
  `archive_count` int unsigned NOT NULL DEFAULT '0',
  `history_count` int unsigned NOT NULL DEFAULT '0',
  `year` int unsigned NOT NULL,
  `dimension` varchar(255) COLLATE utf8mb4_unicode_ci DEFAULT NULL,
  `material` varchar(255) COLLATE utf8mb4_unicode_ci DEFAULT NULL,
  `information` longtext COLLATE utf8mb4_unicode_ci,
  `color` varchar(15) COLLATE utf8mb4_unicode_ci NOT NULL DEFAULT 'black',
  `deleted` bit(1) NOT NULL DEFAULT b'0',
  PRIMARY KEY (`id`)
) ENGINE=InnoDB AUTO_INCREMENT=13 DEFAULT CHARSET=utf8mb4 COLLATE=utf8mb4_unicode_ci;
/*!40101 SET character_set_client = @saved_cs_client */;

--
-- Dumping data for table `artwork`
--

LOCK TABLES `artwork` WRITE;
/*!40000 ALTER TABLE `artwork` DISABLE KEYS */;
INSERT INTO `artwork` VALUES (1,'Clay Object Series No. 15','왕은지','https://instagram.com/seek.official__',5,7,2022,'20 x 30 cm','아크릴','벗어날 수 없는 거대한 숲','black',_binary ''),(2,'Cactus','최지호','https://instagram.com/jhchoi6_',4,5,2021,'90 x 175 cm','spray, acrylic and acrylic pen on canvas','( cactus + thief + prison + lizard + police + spoon escape )\n3300000','black',_binary '\0'),(3,'Crow','최지호','https://instagram.com/jhchoi6_',4,7,2022,'120 x 150 cm','spray and acrylic on canvas','( crow + gorilla + basketball )\n3800000','black',_binary '\0'),(4,'Dog1','최지호','https://instagram.com/jhchoi6_',5,6,2021,'30 x 40 cm','spray, acrylic and acrylic pen on canvas','( dog + bird )\n1300000','black',_binary '\0'),(5,'Dog2','최지호','https://instagram.com/jhchoi6_',4,6,2021,'40 x 30 cm','pastel and acrylic on canvas','( dog + bag + shopping )\n1100000','black',_binary '\0'),(6,'Elephant','최지호','https://instagram.com/jhchoi6_',4,6,2021,'40 x 30 cm','spray, acrylic and acrylic pen on canvas','( elephant + suitcase + pee + horn )\n1000000','black',_binary '\0'),(7,'Flower','최지호','https://instagram.com/jhchoi6_',6,6,2021,'40 x 30 cm','acrylic and acrylic pen on canvas','( fairy + temptation + nepenthes )\n1000000','black',_binary '\0'),(8,'Giraffe','최지호','https://instagram.com/jhchoi6_',6,7,2021,'80 x 60 cm','spray and acrylic on canvas','( giraffe + tape + circle )\n2300000','black',_binary '\0'),(9,'Centaur','최지호','https://instagram.com/jhchoi6_',4,6,2021,'80 x 60, 45 x 60 cm','spray, acrylic and acrylic pen on canvas','( horse + rain + cloud + fairy + running + machine + bow + angel )\n2700000','black',_binary '\0'),(10,'Mermaid','최지호','https://instagram.com/jhchoi6_',4,7,2021,'80 x 60 cm','spray, acrylic and acrylic pen on canvas','( mermaid + moon + duck + sail + bathtub + bubble )\n2000000','black',_binary '\0'),(11,'Shark','최지호','https://instagram.com/jhchoi6_',7,7,2021,'72.5 x 60 cm','spray, acrylic and acrylic pen on canvas','( shark + horse + grass )\n1800000','black',_binary '\0'),(12,'Wolf','최지호','https://instagram.com/jhchoi6_',5,7,2021,'72 x 60 cm','pastel, acrylic and acrylic pen on canvas','( wolf + city + cloud + rain + thunder )\n1500000','black',_binary '\0');
/*!40000 ALTER TABLE `artwork` ENABLE KEYS */;
UNLOCK TABLES;

--
-- Table structure for table `comment`
--

DROP TABLE IF EXISTS `comment`;
/*!40101 SET @saved_cs_client     = @@character_set_client */;
/*!50503 SET character_set_client = utf8mb4 */;
CREATE TABLE `comment` (
  `id` int unsigned NOT NULL AUTO_INCREMENT,
  `artwork_id` int unsigned NOT NULL,
  `user_id` int unsigned NOT NULL,
  `body` longtext COLLATE utf8mb4_unicode_ci,
  `like_count` int unsigned NOT NULL DEFAULT '0',
  `create_ip` varchar(15) COLLATE utf8mb4_unicode_ci NOT NULL DEFAULT '127.0.0.1',
  `create_date` datetime NOT NULL,
  `last_update_ip` varchar(15) COLLATE utf8mb4_unicode_ci NOT NULL DEFAULT '127.0.0.1',
  `delete_date` datetime DEFAULT NULL,
  `deleted` bit(1) NOT NULL DEFAULT b'0',
  PRIMARY KEY (`id`),
  KEY `artwork_id` (`artwork_id`),
  KEY `user_id` (`user_id`),
  CONSTRAINT `comment_ibfk_1` FOREIGN KEY (`artwork_id`) REFERENCES `artwork` (`id`) ON DELETE CASCADE ON UPDATE CASCADE,
  CONSTRAINT `comment_ibfk_2` FOREIGN KEY (`user_id`) REFERENCES `user` (`id`) ON DELETE CASCADE ON UPDATE CASCADE
) ENGINE=InnoDB AUTO_INCREMENT=10000000 DEFAULT CHARSET=utf8mb4 COLLATE=utf8mb4_unicode_ci;
/*!40101 SET character_set_client = @saved_cs_client */;

--
-- Dumping data for table `comment`
--

LOCK TABLES `comment` WRITE;
/*!40000 ALTER TABLE `comment` DISABLE KEYS */;
INSERT INTO `comment` VALUES (1,1,1,'벗어날 수 없는 거대한 숲',2,'127.0.0.1','2022-06-30 00:00:00','127.0.0.1',NULL,_binary '\0'),(54,1,6,'😏😏',4,'218.38.11.151','2022-07-12 00:40:23','218.38.11.151',NULL,_binary '\0'),(57,1,3,'Test',4,'127.0.0.1','2022-07-15 09:15:07','127.0.0.1',NULL,_binary '\0'),(243,1,3,'Celebrate',0,'119.196.24.96','2022-07-18 08:01:16','119.196.24.96',NULL,_binary '\0'),(244,1,3,'Sneakers',0,'119.196.24.96','2022-07-18 08:01:20','119.196.24.96',NULL,_binary '\0');
/*!40000 ALTER TABLE `comment` ENABLE KEYS */;
UNLOCK TABLES;

--
-- Table structure for table `history`
--

DROP TABLE IF EXISTS `history`;
/*!40101 SET @saved_cs_client     = @@character_set_client */;
/*!50503 SET character_set_client = utf8mb4 */;
CREATE TABLE `history` (
  `user_id` int unsigned NOT NULL,
  `artwork_id` int unsigned NOT NULL,
  `access_date` datetime NOT NULL,
  `remote_addr` varchar(15) COLLATE utf8mb4_unicode_ci NOT NULL DEFAULT '127.0.0.1',
  PRIMARY KEY (`user_id`,`artwork_id`,`access_date`),
  KEY `artwork_id` (`artwork_id`),
  CONSTRAINT `history_ibfk_1` FOREIGN KEY (`user_id`) REFERENCES `user` (`id`) ON DELETE CASCADE ON UPDATE CASCADE,
  CONSTRAINT `history_ibfk_2` FOREIGN KEY (`artwork_id`) REFERENCES `artwork` (`id`) ON DELETE CASCADE ON UPDATE CASCADE
) ENGINE=InnoDB DEFAULT CHARSET=utf8mb4 COLLATE=utf8mb4_unicode_ci;
/*!40101 SET character_set_client = @saved_cs_client */;

--
-- Dumping data for table `history`
--

LOCK TABLES `history` WRITE;
/*!40000 ALTER TABLE `history` DISABLE KEYS */;
INSERT INTO `history` VALUES (2,1,'2022-07-18 15:13:05','59.9.118.79'),(2,2,'2022-07-20 08:00:28','119.196.24.96'),(2,3,'2022-07-16 12:45:28','59.9.118.79'),(2,4,'2022-07-16 07:19:27','118.235.4.179'),(2,5,'2022-07-19 05:02:06','127.0.0.1'),(2,6,'2022-07-17 08:39:42','59.9.118.79'),(2,7,'2022-07-18 15:19:15','59.9.118.79'),(2,8,'2022-07-19 12:25:10','59.9.173.203'),(2,9,'2022-07-19 08:48:40','127.0.0.1'),(2,10,'2022-07-18 04:35:31','118.235.11.47'),(2,11,'2022-07-18 15:15:54','59.9.118.79'),(2,12,'2022-07-19 08:48:31','127.0.0.1'),(3,1,'2022-07-18 15:09:04','116.34.106.137'),(3,2,'2022-07-20 08:52:03','127.0.0.1'),(3,3,'2022-07-20 06:10:25','127.0.0.1'),(3,4,'2022-07-20 06:10:30','127.0.0.1'),(3,5,'2022-07-20 06:10:34','127.0.0.1'),(3,6,'2022-07-20 06:10:16','127.0.0.1'),(3,7,'2022-07-20 06:10:20','127.0.0.1'),(3,8,'2022-07-18 15:15:52','116.34.106.137'),(3,9,'2022-07-20 08:49:49','127.0.0.1'),(3,10,'2022-07-18 15:15:57','116.34.106.137'),(3,11,'2022-07-20 07:54:52','119.196.24.96'),(3,12,'2022-07-18 15:16:10','116.34.106.137'),(4,1,'2022-07-17 08:54:28','118.235.15.70'),(4,2,'2022-07-23 02:55:18','39.7.24.215'),(4,3,'2022-07-23 02:56:27','39.7.24.215'),(4,4,'2022-07-19 13:04:26','118.235.14.240'),(4,5,'2022-07-23 02:55:34','39.7.24.215'),(4,6,'2022-07-23 02:57:15','39.7.24.215'),(4,7,'2022-07-23 02:57:35','39.7.24.215'),(4,8,'2022-07-23 02:56:09','39.7.24.215'),(4,9,'2022-07-19 13:38:29','118.235.14.190'),(4,10,'2022-07-19 13:39:00','211.104.170.25'),(4,11,'2022-07-19 13:38:55','211.104.170.25'),(4,12,'2022-07-19 13:38:46','118.235.14.190'),(5,1,'2022-07-17 11:42:31','223.62.216.75'),(5,2,'2022-07-19 07:23:37','223.38.35.254'),(5,3,'2022-07-19 06:55:20','223.38.35.254'),(5,4,'2022-07-19 07:23:21','223.38.35.254'),(5,5,'2022-07-18 15:24:16','121.135.255.1'),(5,6,'2022-07-19 06:55:14','223.38.35.254'),(5,7,'2022-07-19 06:55:09','223.38.35.254'),(5,8,'2022-07-19 07:23:32','223.38.35.254'),(5,9,'2022-07-18 15:23:43','121.135.255.1'),(5,10,'2022-07-18 15:23:23','121.135.255.1'),(5,11,'2022-07-19 07:23:44','223.38.35.254'),(5,12,'2022-07-19 07:23:07','223.38.35.254'),(6,1,'2022-07-14 03:54:46','218.38.11.151'),(6,2,'2022-07-19 03:55:27','223.38.21.178'),(6,3,'2022-07-19 03:56:52','223.38.21.178'),(6,4,'2022-07-14 04:55:43','223.38.8.96'),(6,5,'2022-07-14 03:58:07','218.38.11.151'),(6,6,'2022-07-14 04:59:21','223.38.8.96'),(6,7,'2022-07-19 03:55:04','223.38.21.178'),(6,8,'2022-07-14 02:30:19','218.38.11.151'),(6,9,'2022-07-14 06:06:27','223.38.8.96'),(6,10,'2022-07-14 04:55:49','223.38.8.96'),(6,11,'2022-07-14 06:09:11','223.38.8.96'),(6,12,'2022-07-14 03:08:58','218.38.11.151'),(7,1,'2022-07-16 13:55:04','106.102.128.134'),(8,1,'2022-07-17 09:13:43','106.101.1.159'),(10000000,8,'2022-07-19 04:42:40','223.38.45.196'),(10000003,3,'2022-07-20 04:36:48','106.101.128.250'),(10000003,4,'2022-07-20 20:40:57','116.32.37.91'),(10000003,8,'2022-07-20 04:36:20','106.101.128.250'),(10000003,9,'2022-07-20 04:38:21','106.101.128.250'),(10000003,10,'2022-07-20 04:35:35','106.101.128.250'),(10000004,6,'2022-07-20 09:30:32','106.102.142.221'),(10000004,11,'2022-07-20 09:30:50','106.102.142.221'),(10000006,12,'2022-07-21 12:14:10','117.111.2.81'),(10000007,12,'2022-07-22 12:09:38','223.38.86.202'),(10000009,3,'2022-07-23 06:18:56','39.7.230.206'),(10000010,5,'2022-07-24 05:40:55','106.101.3.167'),(10000010,10,'2022-07-24 05:41:57','106.101.3.167'),(10000011,7,'2022-07-25 09:31:41','58.227.216.169'),(10000011,11,'2022-07-25 09:31:56','58.227.216.169');
/*!40000 ALTER TABLE `history` ENABLE KEYS */;
UNLOCK TABLES;

--
-- Table structure for table `like_comment`
--

DROP TABLE IF EXISTS `like_comment`;
/*!40101 SET @saved_cs_client     = @@character_set_client */;
/*!50503 SET character_set_client = utf8mb4 */;
CREATE TABLE `like_comment` (
  `user_id` int unsigned NOT NULL,
  `comment_id` int unsigned NOT NULL,
  `access_date` datetime NOT NULL,
  `remote_addr` varchar(15) COLLATE utf8mb4_unicode_ci NOT NULL DEFAULT '127.0.0.1',
  PRIMARY KEY (`user_id`,`comment_id`),
  KEY `comment_id` (`comment_id`),
  CONSTRAINT `like_comment_ibfk_1` FOREIGN KEY (`user_id`) REFERENCES `user` (`id`) ON DELETE CASCADE ON UPDATE CASCADE,
  CONSTRAINT `like_comment_ibfk_2` FOREIGN KEY (`comment_id`) REFERENCES `comment` (`id`) ON DELETE CASCADE ON UPDATE CASCADE
) ENGINE=InnoDB DEFAULT CHARSET=utf8mb4 COLLATE=utf8mb4_unicode_ci;
/*!40101 SET character_set_client = @saved_cs_client */;

--
-- Dumping data for table `like_comment`
--

LOCK TABLES `like_comment` WRITE;
/*!40000 ALTER TABLE `like_comment` DISABLE KEYS */;
INSERT INTO `like_comment` VALUES (2,1,'2022-07-18 06:45:05','119.196.24.96'),(2,54,'2022-07-18 06:45:05','119.196.24.96'),(2,57,'2022-07-18 06:45:03','119.196.24.96'),(3,54,'2022-07-18 08:01:06','119.196.24.96'),(4,1,'2022-07-08 17:13:10','211.104.170.25'),(4,54,'2022-07-17 08:51:03','118.235.15.70'),(4,57,'2022-07-17 08:51:06','118.235.15.70'),(5,54,'2022-07-13 08:14:56','119.196.24.96'),(5,57,'2022-07-15 14:46:15','121.135.255.1'),(7,57,'2022-07-16 14:05:56','106.102.128.134');
/*!40000 ALTER TABLE `like_comment` ENABLE KEYS */;
UNLOCK TABLES;

--
-- Table structure for table `oauth`
--

DROP TABLE IF EXISTS `oauth`;
/*!40101 SET @saved_cs_client     = @@character_set_client */;
/*!50503 SET character_set_client = utf8mb4 */;
CREATE TABLE `oauth` (
  `provider` varchar(15) COLLATE utf8mb4_unicode_ci NOT NULL DEFAULT 'kakao',
  `user_id` int unsigned NOT NULL,
  `access_token` varchar(255) COLLATE utf8mb4_unicode_ci NOT NULL,
  `provider_id` varchar(255) COLLATE utf8mb4_unicode_ci DEFAULT NULL,
  PRIMARY KEY (`provider`,`user_id`),
  KEY `user_id` (`user_id`),
  CONSTRAINT `oauth_ibfk_1` FOREIGN KEY (`user_id`) REFERENCES `user` (`id`) ON DELETE CASCADE ON UPDATE CASCADE
) ENGINE=InnoDB DEFAULT CHARSET=utf8mb4 COLLATE=utf8mb4_unicode_ci;
/*!40101 SET character_set_client = @saved_cs_client */;

--
-- Dumping data for table `oauth`
--

LOCK TABLES `oauth` WRITE;
/*!40000 ALTER TABLE `oauth` DISABLE KEYS */;
INSERT INTO `oauth` VALUES ('kakao',2,'0vCePiyRWIKehqoNS6uLBgsvqWEfiZ3aiQt9iq4sCilvuAAAAYI1fIm4','2105862641'),('kakao',3,'XL7buklK-BkbftkUy1arELC5KIaIbucTaVFk_5zpCj1ylwAAAYI5CHuf','2328173208'),('kakao',4,'CE_olND2rdT3rtQ_mXtk7Lfe4uDfeWPLkL8RG4sHCilv1QAAAYIon2vm','2332809815'),('kakao',5,'OIexEi8JQ39xmeH4rbTV7EZx0nLVHSxTZx85y26-Cj11GgAAAYIwahIX','2335280715'),('kakao',6,'OSJx3vjd7fWVM8ZhpUywrWcLlMOFc624l2yYQwyYCj1zGAAAAYIcEsoi','2337707977'),('kakao',7,'O__BVzKDTsVEw0eWJmMuB2-lv_Ldh14V7gQ8OzAaCj102QAAAYIHCBCa','2344011040'),('kakao',8,'yEgXyIcIiryFnF-vzYSc1T7SBnZGuJVaP-X7n9M7Cilv1QAAAYILR__I','2344961465'),('kakao',10000000,'0qR1hHEPlTKuYBdlaSm5hi6Y3xN5dYo5PwDsKYEUCinJYAAAAYIUw-dF','2347432793'),('kakao',10000001,'xWFF3nhbwEdjDfbD72CNhr1KF6egKEC1Hg_JSxqlCisMpgAAAYIjD1Wh','2347817826'),('kakao',10000002,'B2m-x4tgHoL9_dB_UadPgIzzK4ioczJig5deHSd9Cj10lwAAAYIWDzQ6','2347903639'),('kakao',10000003,'vBZo--w1raaIGlZvyPjURWL8SkwNqizpPQkkRb4PCisNHgAAAYIdV5mq','2348824971'),('kakao',10000004,'fPxy5LHdg_JEQ2t-VdHd-XXpTspEDjRzjXbLmMJkCinJXwAAAYIa8F4p','2349234449'),('kakao',10000005,'r4-L2bnsTGsCiyEv_2eTJUu6E3K7Nrq2XLg7foV3CisM1AAAAYIbMwG7','2349321619'),('kakao',10000006,'sWG4d4Rh-HcJolVeRTD-3mUX3m2GA_AFq3r7gji2CisMqAAAAYIgWd9r','2350652648'),('kakao',10000007,'dVNwKBWw5DA9nzQtdLE1EIVjKI2Oht61LLQo_HBGCilwEwAAAYIlPfhA','2351847290'),('kakao',10000008,'s6E6kKtP4EAJtbqvEqDGTjnC1bKPDnFnFHqI04mpCisMpgAAAYIpiMUb','2352124844'),('kakao',10000009,'k5-uzRi4WYwXzD0syE3NdDe0WKXQpflik-BeIIolCilwnwAAAYIptXd2','2352806233'),('kakao',10000010,'ZZ5ywnPCpKhJQeJnmBxAEwa-g7Uuychb42Gi47u4Cj1z7AAAAYIuuN2o','2353946427'),('kakao',10000011,'2hFLODauuAw-2UZrQ8ZQhK065NLSkk1SDE50y4YCCj11GQAAAYI0sqoD','2356281916');
/*!40000 ALTER TABLE `oauth` ENABLE KEYS */;
UNLOCK TABLES;

--
-- Table structure for table `session`
--

DROP TABLE IF EXISTS `session`;
/*!40101 SET @saved_cs_client     = @@character_set_client */;
/*!50503 SET character_set_client = utf8mb4 */;
CREATE TABLE `session` (
  `id` int unsigned NOT NULL AUTO_INCREMENT,
  `user_id` int unsigned NOT NULL,
  `access_date` datetime NOT NULL,
  `remote_addr` varchar(15) COLLATE utf8mb4_unicode_ci NOT NULL DEFAULT '127.0.0.1',
  PRIMARY KEY (`id`),
  KEY `user_id` (`user_id`),
  CONSTRAINT `session_ibfk_1` FOREIGN KEY (`user_id`) REFERENCES `user` (`id`) ON DELETE CASCADE ON UPDATE CASCADE
) ENGINE=InnoDB AUTO_INCREMENT=10000195 DEFAULT CHARSET=utf8mb4 COLLATE=utf8mb4_unicode_ci;
/*!40101 SET character_set_client = @saved_cs_client */;

--
-- Dumping data for table `session`
--

LOCK TABLES `session` WRITE;
/*!40000 ALTER TABLE `session` DISABLE KEYS */;
INSERT INTO `session` VALUES (10000000,2,'2022-07-18 15:15:45','59.9.118.79'),(10000001,2,'2022-07-18 15:15:58','59.9.118.79'),(10000002,3,'2022-07-18 15:16:14','116.34.106.137'),(10000003,2,'2022-07-18 15:17:12','59.9.118.79'),(10000004,2,'2022-07-18 15:17:41','59.9.118.79'),(10000005,2,'2022-07-18 15:19:03','59.9.118.79'),(10000006,5,'2022-07-18 15:22:31','121.135.255.1'),(10000007,5,'2022-07-18 15:22:56','121.135.255.1'),(10000008,5,'2022-07-18 15:23:02','121.135.255.1'),(10000009,5,'2022-07-18 15:23:10','121.135.255.1'),(10000010,5,'2022-07-18 15:23:20','121.135.255.1'),(10000011,5,'2022-07-18 15:23:27','121.135.255.1'),(10000012,5,'2022-07-18 15:23:33','121.135.255.1'),(10000013,5,'2022-07-18 15:23:46','121.135.255.1'),(10000014,5,'2022-07-18 15:23:53','121.135.255.1'),(10000015,5,'2022-07-18 15:24:02','121.135.255.1'),(10000016,5,'2022-07-18 15:24:14','121.135.255.1'),(10000017,5,'2022-07-18 15:24:22','121.135.255.1'),(10000018,5,'2022-07-18 15:42:10','121.135.255.1'),(10000019,5,'2022-07-18 15:43:03','121.135.255.1'),(10000020,3,'2022-07-18 16:13:08','116.34.106.137'),(10000021,6,'2022-07-19 03:54:44','223.38.21.178'),(10000022,6,'2022-07-19 03:58:23','223.38.21.178'),(10000023,2,'2022-07-19 04:46:49','127.0.0.1'),(10000024,2,'2022-07-19 04:53:33','127.0.0.1'),(10000025,2,'2022-07-19 04:55:42','127.0.0.1'),(10000026,2,'2022-07-19 05:02:15','127.0.0.1'),(10000027,2,'2022-07-19 05:03:55','127.0.0.1'),(10000028,2,'2022-07-19 05:05:29','127.0.0.1'),(10000029,2,'2022-07-19 05:06:20','127.0.0.1'),(10000030,2,'2022-07-19 05:08:38','127.0.0.1'),(10000031,2,'2022-07-19 05:11:12','127.0.0.1'),(10000032,2,'2022-07-19 05:12:19','127.0.0.1'),(10000033,3,'2022-07-19 06:30:56','119.196.24.96'),(10000034,5,'2022-07-19 06:54:56','223.38.35.254'),(10000035,5,'2022-07-19 06:55:06','223.38.35.254'),(10000036,5,'2022-07-19 06:55:11','223.38.35.254'),(10000037,5,'2022-07-19 06:55:16','223.38.35.254'),(10000038,5,'2022-07-19 06:55:23','223.38.35.254'),(10000039,5,'2022-07-19 06:55:32','223.38.35.254'),(10000040,5,'2022-07-19 07:23:10','223.38.35.254'),(10000041,5,'2022-07-19 07:23:29','223.38.35.254'),(10000042,5,'2022-07-19 07:23:34','223.38.35.254'),(10000043,5,'2022-07-19 07:23:39','223.38.35.254'),(10000044,2,'2022-07-19 08:41:07','127.0.0.1'),(10000045,2,'2022-07-19 08:48:35','127.0.0.1'),(10000046,2,'2022-07-19 08:48:45','127.0.0.1'),(10000047,2,'2022-07-19 08:48:58','127.0.0.1'),(10000048,3,'2022-07-19 08:50:00','127.0.0.1'),(10000049,3,'2022-07-19 08:50:10','127.0.0.1'),(10000050,3,'2022-07-19 08:50:17','127.0.0.1'),(10000051,10000001,'2022-07-19 09:35:26','223.33.165.188'),(10000052,10000002,'2022-07-19 10:44:32','49.166.203.88'),(10000053,5,'2022-07-19 11:06:43','223.38.35.254'),(10000054,2,'2022-07-19 11:21:40','118.235.11.157'),(10000055,2,'2022-07-19 11:24:12','118.235.11.157'),(10000056,2,'2022-07-19 12:23:37','59.9.173.203'),(10000057,4,'2022-07-19 13:04:22','118.235.14.240'),(10000058,4,'2022-07-19 13:04:34','118.235.14.240'),(10000059,4,'2022-07-19 13:04:45','118.235.14.240'),(10000060,3,'2022-07-20 05:01:00','119.196.24.96'),(10000061,3,'2022-07-20 05:01:54','119.196.24.96'),(10000062,10000005,'2022-07-20 10:41:44','220.85.75.120'),(10000063,2,'2022-07-20 11:48:22','118.235.7.52'),(10000064,2,'2022-07-20 11:48:45','118.235.7.52'),(10000065,2,'2022-07-20 11:49:01','118.235.7.52'),(10000066,2,'2022-07-20 11:49:30','118.235.7.52'),(10000067,2,'2022-07-20 11:50:09','118.235.7.52'),(10000068,6,'2022-07-20 14:54:25','218.38.11.151'),(10000069,6,'2022-07-20 14:56:07','218.38.11.151'),(10000070,3,'2022-07-20 16:57:01','116.34.106.137'),(10000071,3,'2022-07-20 16:57:05','116.34.106.137'),(10000072,3,'2022-07-20 16:57:52','116.34.106.137'),(10000073,3,'2022-07-20 16:59:13','116.34.106.137'),(10000074,2,'2022-07-21 05:44:12','119.196.24.96'),(10000075,2,'2022-07-21 06:33:11','119.196.24.96'),(10000076,2,'2022-07-21 06:34:32','119.196.24.96'),(10000077,2,'2022-07-21 06:34:37','119.196.24.96'),(10000078,2,'2022-07-21 07:01:17','127.0.0.1'),(10000079,2,'2022-07-21 07:01:29','127.0.0.1'),(10000080,2,'2022-07-21 07:01:40','127.0.0.1'),(10000081,2,'2022-07-21 07:03:02','127.0.0.1'),(10000082,2,'2022-07-21 07:07:06','127.0.0.1'),(10000083,2,'2022-07-21 07:11:09','127.0.0.1'),(10000084,2,'2022-07-21 07:19:00','127.0.0.1'),(10000085,2,'2022-07-21 07:27:59','119.196.24.96'),(10000086,2,'2022-07-21 07:28:47','119.196.24.96'),(10000087,2,'2022-07-21 07:30:02','119.196.24.96'),(10000088,2,'2022-07-21 08:11:39','127.0.0.1'),(10000089,2,'2022-07-21 08:13:33','127.0.0.1'),(10000090,2,'2022-07-21 08:13:39','127.0.0.1'),(10000091,2,'2022-07-21 08:15:23','127.0.0.1'),(10000092,2,'2022-07-21 08:15:43','127.0.0.1'),(10000093,2,'2022-07-21 08:15:51','127.0.0.1'),(10000094,2,'2022-07-21 08:16:24','127.0.0.1'),(10000095,2,'2022-07-21 08:16:26','127.0.0.1'),(10000096,2,'2022-07-21 08:16:32','127.0.0.1'),(10000097,2,'2022-07-21 08:16:34','127.0.0.1'),(10000098,2,'2022-07-21 08:16:47','127.0.0.1'),(10000099,3,'2022-07-21 08:17:15','127.0.0.1'),(10000100,2,'2022-07-21 08:25:46','127.0.0.1'),(10000101,2,'2022-07-21 08:25:49','127.0.0.1'),(10000102,2,'2022-07-21 08:28:15','127.0.0.1'),(10000103,2,'2022-07-21 08:28:22','127.0.0.1'),(10000104,2,'2022-07-21 08:30:24','127.0.0.1'),(10000105,2,'2022-07-21 08:35:19','127.0.0.1'),(10000106,3,'2022-07-21 08:35:36','127.0.0.1'),(10000107,3,'2022-07-21 08:35:43','127.0.0.1'),(10000108,3,'2022-07-21 08:35:53','127.0.0.1'),(10000109,3,'2022-07-21 08:35:57','127.0.0.1'),(10000110,3,'2022-07-21 08:36:04','127.0.0.1'),(10000111,2,'2022-07-21 08:36:23','127.0.0.1'),(10000112,2,'2022-07-21 08:36:26','127.0.0.1'),(10000113,3,'2022-07-21 08:36:36','127.0.0.1'),(10000114,3,'2022-07-21 08:36:40','127.0.0.1'),(10000115,3,'2022-07-21 08:45:44','119.196.24.96'),(10000116,3,'2022-07-21 08:45:48','119.196.24.96'),(10000117,3,'2022-07-21 08:45:59','119.196.24.96'),(10000118,3,'2022-07-21 08:46:06','119.196.24.96'),(10000119,2,'2022-07-21 14:37:19','118.235.7.52'),(10000120,2,'2022-07-21 14:51:11','118.235.7.52'),(10000121,2,'2022-07-21 14:51:20','118.235.7.52'),(10000122,2,'2022-07-21 14:51:28','118.235.7.52'),(10000123,2,'2022-07-21 14:52:00','118.235.7.52'),(10000124,3,'2022-07-21 14:53:22','116.34.106.137'),(10000125,3,'2022-07-21 14:54:50','116.34.106.137'),(10000126,3,'2022-07-21 14:54:57','116.34.106.137'),(10000127,3,'2022-07-21 14:55:34','116.34.106.137'),(10000128,10000001,'2022-07-21 23:19:45','165.132.5.147'),(10000129,3,'2022-07-22 05:11:12','127.0.0.1'),(10000130,3,'2022-07-22 05:11:21','127.0.0.1'),(10000131,3,'2022-07-22 05:11:31','119.196.24.96'),(10000132,3,'2022-07-22 05:12:00','127.0.0.1'),(10000133,3,'2022-07-22 05:12:17','127.0.0.1'),(10000134,3,'2022-07-22 05:12:27','127.0.0.1'),(10000135,3,'2022-07-22 05:12:42','127.0.0.1'),(10000136,3,'2022-07-22 05:12:49','127.0.0.1'),(10000137,3,'2022-07-22 05:12:56','127.0.0.1'),(10000138,3,'2022-07-22 05:13:05','127.0.0.1'),(10000139,3,'2022-07-22 05:13:13','127.0.0.1'),(10000140,3,'2022-07-22 05:13:19','127.0.0.1'),(10000141,3,'2022-07-22 05:24:04','127.0.0.1'),(10000142,3,'2022-07-22 05:24:45','119.196.24.96'),(10000143,2,'2022-07-22 05:44:27','127.0.0.1'),(10000144,2,'2022-07-22 05:44:37','127.0.0.1'),(10000145,3,'2022-07-22 05:45:01','127.0.0.1'),(10000146,2,'2022-07-22 05:45:18','118.235.6.135'),(10000147,2,'2022-07-22 05:45:27','127.0.0.1'),(10000148,2,'2022-07-22 05:52:35','127.0.0.1'),(10000149,2,'2022-07-22 05:52:51','127.0.0.1'),(10000150,2,'2022-07-22 05:52:54','127.0.0.1'),(10000151,3,'2022-07-22 05:52:59','127.0.0.1'),(10000152,2,'2022-07-22 05:53:56','127.0.0.1'),(10000153,3,'2022-07-22 05:54:00','127.0.0.1'),(10000154,2,'2022-07-22 05:54:04','127.0.0.1'),(10000155,2,'2022-07-22 05:54:17','127.0.0.1'),(10000156,2,'2022-07-22 05:55:59','127.0.0.1'),(10000157,2,'2022-07-22 06:05:08','127.0.0.1'),(10000158,2,'2022-07-22 06:05:27','127.0.0.1'),(10000159,2,'2022-07-22 06:06:15','127.0.0.1'),(10000160,2,'2022-07-22 06:07:39','118.235.6.135'),(10000161,2,'2022-07-22 06:42:33','127.0.0.1'),(10000162,2,'2022-07-22 06:47:42','127.0.0.1'),(10000163,2,'2022-07-22 06:48:23','127.0.0.1'),(10000164,2,'2022-07-22 06:48:36','127.0.0.1'),(10000165,2,'2022-07-22 06:57:55','118.235.6.135'),(10000166,2,'2022-07-22 06:58:04','118.235.6.135'),(10000167,2,'2022-07-22 06:58:19','118.235.6.135'),(10000168,3,'2022-07-22 07:47:43','119.196.24.96'),(10000169,2,'2022-07-22 07:54:19','118.235.6.135'),(10000170,2,'2022-07-22 07:55:33','118.235.6.135'),(10000171,2,'2022-07-22 08:09:18','118.235.6.135'),(10000172,2,'2022-07-22 12:07:40','118.235.6.135'),(10000173,2,'2022-07-22 12:07:54','118.235.6.135'),(10000174,3,'2022-07-22 12:09:39','116.34.106.137'),(10000175,10000008,'2022-07-22 13:44:44','27.35.56.186'),(10000176,10000008,'2022-07-22 13:45:05','27.35.56.186'),(10000177,10000008,'2022-07-22 13:48:20','27.35.56.186'),(10000178,10000008,'2022-07-22 14:27:24','27.35.56.186'),(10000179,10000008,'2022-07-22 16:12:12','27.35.56.186'),(10000180,4,'2022-07-23 01:15:26','39.7.24.231'),(10000181,4,'2022-07-23 01:40:28','39.7.24.231'),(10000182,2,'2022-07-23 03:49:56','118.235.14.251'),(10000183,2,'2022-07-23 03:50:12','118.235.14.251'),(10000184,2,'2022-07-23 03:50:35','118.235.14.251'),(10000185,10000008,'2022-07-23 05:30:59','118.235.6.200'),(10000186,5,'2022-07-24 13:33:58','223.62.188.216'),(10000187,3,'2022-07-25 09:17:32','127.0.0.1'),(10000188,3,'2022-07-25 09:17:41','127.0.0.1'),(10000189,3,'2022-07-25 09:18:04','119.196.24.96'),(10000190,3,'2022-07-25 09:20:17','127.0.0.1'),(10000191,2,'2022-07-25 12:59:04','127.0.0.1'),(10000192,2,'2022-07-25 13:12:18','59.9.118.79'),(10000193,2,'2022-07-25 13:13:35','59.9.118.79'),(10000194,2,'2022-07-25 13:13:45','59.9.118.79');
/*!40000 ALTER TABLE `session` ENABLE KEYS */;
UNLOCK TABLES;

--
-- Table structure for table `user`
--

DROP TABLE IF EXISTS `user`;
/*!40101 SET @saved_cs_client     = @@character_set_client */;
/*!50503 SET character_set_client = utf8mb4 */;
CREATE TABLE `user` (
  `id` int unsigned NOT NULL AUTO_INCREMENT,
  `nickname` varchar(255) COLLATE utf8mb4_unicode_ci NOT NULL,
  `account_expired` bit(1) NOT NULL DEFAULT b'0',
  `account_locked` bit(1) NOT NULL DEFAULT b'0',
  `create_ip` varchar(15) COLLATE utf8mb4_unicode_ci NOT NULL DEFAULT '127.0.0.1',
  `create_date` datetime NOT NULL,
  `withdraw_date` datetime NOT NULL,
  `withdrawn` bit(1) NOT NULL DEFAULT b'0',
  `session_count` int unsigned NOT NULL DEFAULT '0',
  PRIMARY KEY (`id`)
) ENGINE=InnoDB AUTO_INCREMENT=10000012 DEFAULT CHARSET=utf8mb4 COLLATE=utf8mb4_unicode_ci;
/*!40101 SET character_set_client = @saved_cs_client */;

--
-- Dumping data for table `user`
--

LOCK TABLES `user` WRITE;
/*!40000 ALTER TABLE `user` DISABLE KEYS */;
INSERT INTO `user` VALUES (1,'김형태',_binary '\0',_binary '\0','127.0.0.1','2022-06-30 00:00:00','0000-00-00 00:00:00',_binary '\0',0),(2,'김영래',_binary '\0',_binary '\0','127.0.0.1','2022-07-04 07:10:18','0000-00-00 00:00:00',_binary '\0',319),(3,'이성준',_binary '\0',_binary '\0','127.0.0.1','2022-07-05 06:06:12','0000-00-00 00:00:00',_binary '\0',250),(4,'서연🍎',_binary '\0',_binary '\0','211.104.170.25','2022-07-08 08:37:40','0000-00-00 00:00:00',_binary '\0',23),(5,'김형태',_binary '\0',_binary '\0','223.62.204.37','2022-07-10 06:18:40','0000-00-00 00:00:00',_binary '\0',67),(6,'이승민',_binary '\0',_binary '\0','218.38.11.151','2022-07-12 00:38:27','0000-00-00 00:00:00',_binary '\0',7),(7,'정해성',_binary '\0',_binary '\0','106.102.128.134','2022-07-16 12:42:27','0000-00-00 00:00:00',_binary '\0',2),(8,'현재환',_binary '\0',_binary '\0','106.101.1.159','2022-07-17 08:25:10','0000-00-00 00:00:00',_binary '\0',6),(10000000,'서정혁',_binary '\0',_binary '\0','223.38.45.196','2022-07-19 04:42:40','0000-00-00 00:00:00',_binary '\0',0),(10000001,'황승엽',_binary '\0',_binary '\0','223.33.165.188','2022-07-19 09:35:26','0000-00-00 00:00:00',_binary '\0',2),(10000002,'문경덕',_binary '\0',_binary '\0','49.166.203.88','2022-07-19 10:44:32','0000-00-00 00:00:00',_binary '\0',1),(10000003,'오영이',_binary '\0',_binary '\0','106.101.128.250','2022-07-20 04:35:34','0000-00-00 00:00:00',_binary '\0',0),(10000004,'김효진',_binary '\0',_binary '\0','106.102.142.221','2022-07-20 09:28:57','0000-00-00 00:00:00',_binary '\0',0),(10000005,'이지호',_binary '\0',_binary '\0','220.85.75.120','2022-07-20 10:41:44','0000-00-00 00:00:00',_binary '\0',1),(10000006,'이원석',_binary '\0',_binary '\0','117.111.2.81','2022-07-21 10:42:19','0000-00-00 00:00:00',_binary '\0',0),(10000007,'장성원',_binary '\0',_binary '\0','223.38.87.126','2022-07-22 09:29:55','0000-00-00 00:00:00',_binary '\0',0),(10000008,'천창우',_binary '\0',_binary '\0','27.35.56.186','2022-07-22 13:44:44','0000-00-00 00:00:00',_binary '\0',6),(10000009,'팅팅',_binary '\0',_binary '\0','39.7.230.206','2022-07-23 06:18:56','0000-00-00 00:00:00',_binary '\0',0),(10000010,'양해성',_binary '\0',_binary '\0','106.101.3.167','2022-07-24 05:40:44','0000-00-00 00:00:00',_binary '\0',0),(10000011,'Sahar Ay~',_binary '\0',_binary '\0','58.227.216.169','2022-07-25 09:31:41','0000-00-00 00:00:00',_binary '\0',0);
/*!40000 ALTER TABLE `user` ENABLE KEYS */;
UNLOCK TABLES;
-- SET @@SESSION.SQL_LOG_BIN = @MYSQLDUMP_TEMP_LOG_BIN;
/*!40103 SET TIME_ZONE=@OLD_TIME_ZONE */;

/*!40101 SET SQL_MODE=@OLD_SQL_MODE */;
/*!40014 SET FOREIGN_KEY_CHECKS=@OLD_FOREIGN_KEY_CHECKS */;
/*!40014 SET UNIQUE_CHECKS=@OLD_UNIQUE_CHECKS */;
/*!40101 SET CHARACTER_SET_CLIENT=@OLD_CHARACTER_SET_CLIENT */;
/*!40101 SET CHARACTER_SET_RESULTS=@OLD_CHARACTER_SET_RESULTS */;
/*!40101 SET COLLATION_CONNECTION=@OLD_COLLATION_CONNECTION */;
/*!40111 SET SQL_NOTES=@OLD_SQL_NOTES */;

-- Dump completed on 2022-07-26  7:13:06
